Order ID,Order Date,Customer ID,Product ID,Quantity
QEV-37451-860,9/5/2019,17670-51384-MA,R-M-1,2
QEV-37451-860,9/5/2019,17670-51384-MA,E-M-0.5,5
FAA-43335-268,6/17/2021,21125-22134-PX,A-L-1,1
KAC-83089-793,7/15/2021,23806-46781-OU,E-M-1,2
KAC-83089-793,7/15/2021,23806-46781-OU,R-L-2.5,2
CVP-18956-553,8/4/2021,86561-91660-RB,L-D-1,3
IPP-31994-879,1/21/2022,65223-29612-CB,E-D-0.5,3
SNZ-65340-705,5/20/2022,21134-81676-FR,L-L-0.2,1
EZT-46571-659,1/2/2019,03396-68805-ZC,R-M-0.5,3
NWQ-70061-912,9/5/2019,61021-27840-ZN,R-M-0.5,1
BKK-47233-845,3/8/2021,76239-90137-UQ,A-D-1,4
VQR-01002-970,10/28/2020,49315-21985-BB,E-L-2.5,5
SZW-48378-399,7/2/2022,34136-36674-OM,R-M-1,5
ITA-87418-783,5/22/2020,39396-12890-PE,R-D-2.5,2
GNZ-46006-527,4/5/2022,95875-73336-RG,L-D-0.2,3
FYQ-78248-319,6/7/2022,25473-43727-BY,R-M-2.5,5
VAU-44387-624,3/20/2019,99643-51048-IQ,A-M-0.2,6
RDW-33155-159,10/19/2019,62173-15287-CU,A-L-1,6
TDZ-59011-211,6/13/2019,57611-05522-ST,R-D-2.5,4
IDU-25793-399,12/4/2020,76664-37050-DT,A-M-0.2,5
IDU-25793-399,12/4/2020,76664-37050-DT,E-D-0.2,4
NUO-20013-488,12/4/2020,03090-88267-BQ,A-D-0.2,6
UQU-65630-479,1/22/2021,37651-47492-NC,R-M-2.5,4
FEO-11834-332,2/11/2022,95399-57205-HI,A-D-0.2,4
TKY-71558-096,9/15/2021,24010-66714-HW,A-M-1,1
OXY-65322-253,10/24/2020,07591-92789-UA,E-M-0.2,3
EVP-43500-491,2/20/2019,49231-44455-IC,A-M-0.5,4
WAG-26945-689,10/8/2019,50124-88608-EO,A-M-0.2,5
CHE-78995-767,8/2/2022,00888-74814-UZ,A-D-0.5,3
RYZ-14633-602,2/20/2019,14158-30713-OB,A-D-1,4
WOQ-36015-429,9/25/2021,51427-89175-QJ,L-M-0.2,5
WOQ-36015-429,9/25/2021,51427-89175-QJ,A-D-0.5,6
WOQ-36015-429,9/25/2021,51427-89175-QJ,L-M-0.5,6
SCT-60553-454,7/17/2021,39123-12846-YJ,L-L-0.2,5
GFK-52063-244,6/29/2020,44981-99666-XB,L-L-0.5,6
AMM-79521-378,6/1/2021,24825-51803-CQ,A-D-0.5,6
QUQ-90580-772,2/6/2021,77634-13918-GJ,L-M-0.2,2
LGD-24408-274,4/25/2019,13694-25001-LX,L-L-0.5,3
HCT-95608-959,4/25/2020,08523-01791-TI,R-M-2.5,5
OFX-99147-470,11/24/2021,49860-68865-AB,R-M-1,6
LUO-37559-016,4/19/2021,21240-83132-SP,L-M-1,3
XWC-20610-167,7/7/2022,08350-81623-TF,E-D-0.2,2
GPU-79113-136,5/22/2019,73284-01385-SJ,R-D-0.2,3
ULR-52653-960,10/4/2021,04152-34436-IE,L-L-2.5,2
HPI-42308-142,4/11/2020,06631-86965-XP,E-M-0.5,2
XHI-30227-581,1/31/2022,54619-08558-ZU,L-D-2.5,6
DJH-05202-380,11/7/2019,85589-17020-CX,E-M-2.5,2
VMW-26889-781,6/28/2019,36078-91009-WU,A-L-0.2,2
DBU-81099-586,9/11/2020,15770-27099-GX,A-D-2.5,4
PQA-54820-810,8/17/2022,91460-04823-BX,A-L-1,3
XKB-41924-202,8/19/2022,45089-52817-WN,L-D-0.5,2
DWZ-69106-473,5/15/2019,76447-50326-IC,L-L-2.5,4
YHV-68700-050,9/11/2019,26333-67911-OL,R-M-0.5,5
YHV-68700-050,9/11/2019,26333-67911-OL,L-L-2.5,2
KRB-88066-642,3/16/2021,22107-86640-SB,L-M-1,5
LQU-08404-173,12/3/2020,09960-34242-LZ,L-L-1,3
CWK-60159-881,1/27/2020,04671-85591-RT,E-D-0.2,3
EEG-74197-843,7/17/2022,25729-68859-UA,E-L-1,4
UCZ-59708-525,3/4/2022,05501-86351-NX,L-D-2.5,3
HUB-47311-849,12/7/2021,04521-04300-OK,L-M-0.5,3
WYM-17686-694,2/25/2021,58689-55264-VK,A-D-2.5,5
ZYQ-15797-695,2/25/2019,79436-73011-MM,R-D-0.5,5
EEJ-16185-108,2/9/2019,65552-60476-KY,L-L-0.2,5
RWR-77888-800,2/7/2020,69904-02729-YS,A-M-0.5,1
LHN-75209-742,3/23/2020,01433-04270-AX,R-M-0.5,6
TIR-71396-998,3/6/2022,14204-14186-LA,R-D-2.5,4
RXF-37618-213,4/15/2022,32948-34398-HC,R-L-0.5,1
ANM-16388-634,11/19/2021,77343-52608-FF,L-L-0.2,2
WYL-29300-070,10/16/2019,42770-36274-QA,R-M-0.2,1
JHW-74554-805,11/26/2019,14103-58987-ZU,R-M-1,6
KYS-27063-603,6/30/2019,69958-32065-SW,E-L-2.5,4
GAZ-58626-277,1/4/2021,69533-84907-FA,L-L-0.2,2
RPJ-37787-335,10/27/2020,76005-95461-CI,A-M-2.5,3
LEF-83057-763,6/15/2021,15395-90855-VB,L-M-0.2,5
RPW-36123-215,7/19/2021,80640-45811-LB,E-L-0.5,2
WLL-59044-117,7/23/2021,28476-04082-GR,R-D-1,6
AWT-22827-563,1/25/2020,12018-75670-EU,R-L-0.2,1
QLM-07145-668,5/9/2019,86437-17399-FK,E-D-0.2,2
HVQ-64398-930,3/30/2020,62979-53167-ML,A-M-0.5,6
WRT-40778-247,3/13/2022,54810-81899-HL,R-L-1,4
SUB-13006-125,4/17/2019,26103-41504-IB,A-L-0.5,5
CQM-49696-263,10/25/2019,76534-45229-SG,L-L-2.5,3
KXN-85094-246,9/13/2019,81744-27332-RR,L-M-2.5,3
XOQ-12405-419,4/12/2020,91513-75657-PH,R-D-2.5,4
HYF-10254-369,11/14/2019,30373-66619-CB,L-L-0.5,1
XXJ-47000-307,7/18/2019,31582-23562-FM,A-L-2.5,3
XXJ-47000-307,7/18/2019,31582-23562-FM,A-D-0.2,4
ZDK-82166-357,4/3/2021,81431-12577-VD,A-M-1,3
IHN-19982-362,3/29/2021,68894-91205-MP,R-L-1,3
VMT-10030-889,12/15/2021,87602-55754-VN,A-L-1,6
NHL-11063-100,5/20/2020,39181-35745-WH,A-L-1,4
ROV-87448-086,11/2/2020,30381-64762-NG,A-M-2.5,4
DGY-35773-612,7/25/2020,17503-27693-ZH,E-L-1,3
YWH-50638-556,3/14/2019,89442-35633-HJ,E-L-0.5,4
ISL-11200-600,7/2/2020,13654-85265-IL,A-D-0.2,6
LBZ-75997-047,12/17/2019,40946-22090-FP,A-M-2.5,6
EUH-08089-954,12/6/2020,29050-93691-TS,A-D-0.2,2
BLD-12227-251,3/4/2021,64395-74865-WF,A-M-0.5,2
OPY-30711-853,7/17/2021,81861-66046-SU,A-D-0.2,1
DBC-44122-300,11/4/2020,13366-78506-KP,L-M-0.2,3
FJQ-60035-234,4/5/2021,08847-29858-HN,A-L-0.2,2
HSF-66926-425,3/1/2020,00539-42510-RY,L-D-2.5,5
LQG-41416-375,10/19/2021,45190-08727-NV,L-D-1,3
VZO-97265-841,7/8/2022,87049-37901-FU,R-M-0.2,4
MOR-12987-399,8/17/2019,34015-31593-JC,L-M-1,6
UOA-23786-489,5/31/2020,90305-50099-SV,A-M-0.5,6
AJL-52941-018,5/5/2020,55871-61935-MF,E-D-1,2
XSZ-84273-421,4/14/2019,15405-60469-TM,R-M-0.5,3
NUN-48214-216,7/29/2020,06953-94794-FB,A-M-0.5,4
AKV-93064-769,12/12/2019,22305-40299-CY,L-D-0.5,1
BRB-40903-533,6/15/2022,09020-56774-GU,E-L-0.2,3
GPR-19973-483,6/26/2019,92926-08470-YS,R-D-0.5,5
XIY-43041-882,10/12/2021,07250-63194-JO,A-M-1,1
YGY-98425-969,4/1/2019,63787-96257-TQ,L-M-1,1
MSB-08397-648,3/10/2021,49530-25460-RW,R-L-0.2,4
WDR-06028-345,8/16/2019,66508-21373-OQ,L-L-1,1
MXM-42948-061,8/11/2020,20203-03950-FY,L-L-0.2,4
MGQ-98961-173,4/5/2022,83895-90735-XH,L-L-0.5,4
RFH-64349-897,10/22/2019,61954-61462-RJ,E-D-0.5,3
TKL-20738-660,10/2/2021,47939-53158-LS,E-M-0.2,1
TKL-20738-660,10/2/2021,47939-53158-LS,A-L-0.2,1
TKL-20738-660,10/2/2021,47939-53158-LS,E-M-1,5
GOW-03198-575,3/13/2021,61513-27752-FA,A-D-0.5,4
QJB-90477-635,6/12/2022,89714-19856-WX,L-L-2.5,4
MWP-46239-785,4/27/2019,87979-56781-YV,L-M-0.2,5
QDV-03406-248,5/23/2019,74126-88836-KA,L-M-0.5,3
GPH-40635-105,7/14/2020,37397-05992-VO,A-M-1,1
JOM-80930-071,11/10/2021,54904-18397-UD,L-D-1,6
OIL-26493-755,8/31/2021,19017-95853-EK,A-M-0.5,1
CYV-13426-645,7/6/2019,88593-59934-VU,E-D-1,1
WRP-39846-614,3/4/2022,47493-68564-YM,A-L-2.5,5
VDZ-76673-968,12/31/2020,82246-82543-DW,E-D-0.5,2
VTV-03546-175,7/31/2020,03384-62101-IY,A-L-2.5,5
GHR-72274-715,5/24/2021,86881-41559-OR,L-D-1,1
ZGK-97262-313,7/16/2022,02536-18494-AQ,E-M-2.5,3
ZFS-30776-804,2/5/2021,58638-01029-CB,A-L-0.5,5
QUU-91729-492,7/29/2021,90312-11148-LA,A-D-0.2,4
PVI-72795-960,3/17/2022,68239-74809-TF,E-L-2.5,3
PPP-78935-365,2/11/2021,91074-60023-IP,E-D-1,4
JUO-34131-517,2/13/2019,07972-83748-JI,L-D-1,6
ZJE-89333-489,5/13/2022,08694-57330-XR,L-D-2.5,1
LOO-35324-159,5/19/2020,68412-11126-YJ,A-L-0.2,4
JBQ-93412-846,4/27/2022,69037-66822-DW,E-L-2.5,4
EHX-66333-637,9/9/2020,01297-94364-XH,L-M-0.5,2
WXG-25759-236,3/10/2021,39919-06540-ZI,E-L-2.5,2
QNA-31113-984,4/7/2019,60512-78550-WS,L-M-0.2,4
ZWI-52029-159,7/12/2020,40172-12000-AU,L-M-1,3
ZWI-52029-159,7/12/2020,40172-12000-AU,E-M-1,2
DFS-49954-707,12/21/2021,39019-13649-CL,E-D-0.2,5
VYP-89830-878,10/4/2020,12715-05198-QU,A-M-2.5,2
AMT-40418-362,8/8/2020,04513-76520-QO,L-D-1,1
NFQ-23241-793,10/11/2020,88446-59251-SQ,A-M-1,3
JQK-64922-985,11/10/2021,23779-10274-KN,R-M-2.5,3
YET-17732-678,6/20/2021,57235-92842-DK,R-D-0.2,1
NKW-24945-846,10/4/2021,75977-30364-AY,A-D-2.5,5
VKA-82720-513,6/24/2019,12299-30914-NG,A-M-2.5,6
THA-60599-417,10/26/2019,59971-35626-YJ,A-M-2.5,3
MEK-39769-035,6/27/2021,15380-76513-PS,R-D-2.5,3
JAF-18294-750,9/6/2019,73564-98204-EY,R-D-2.5,6
TME-59627-221,4/30/2021,72282-40594-RX,L-L-2.5,6
UDG-65353-824,1/7/2020,17514-94165-RJ,E-M-0.5,4
ENQ-42923-176,1/11/2021,56248-75861-JX,A-L-0.5,3
CBT-55781-720,11/15/2021,97855-54761-IS,E-D-0.5,3
NEU-86533-016,6/3/2019,96544-91644-IT,R-D-0.2,6
BYU-58154-603,12/17/2020,51971-70393-QM,E-D-0.5,4
EHJ-05910-257,2/7/2021,06812-11924-IK,R-D-1,6
EIL-44855-309,3/15/2021,59741-90220-OW,R-D-0.5,5
HCA-87224-420,8/4/2022,62682-27930-PD,E-M-0.5,5
ABO-29054-365,1/19/2019,00256-19905-YG,A-M-0.5,6
TKN-58485-031,3/23/2022,38890-22576-UI,R-D-1,2
RCK-04069-371,10/7/2021,94573-61802-PH,E-L-2.5,2
IRJ-67095-738,3/20/2019,86447-02699-UT,E-M-2.5,2
VEA-31961-977,12/15/2021,51432-27169-KN,E-D-0.5,3
BAF-42286-205,6/8/2022,43074-00987-PB,R-M-2.5,4
WOR-52762-511,12/14/2019,04739-85772-QT,E-L-2.5,6
ZWK-03995-815,4/10/2021,28279-78469-YW,E-M-2.5,2
CKF-43291-846,3/10/2020,91829-99544-DS,E-L-2.5,1
RMW-74160-339,10/16/2020,38978-59582-JP,R-L-2.5,4
FMT-94584-786,10/8/2019,86504-96610-BH,A-L-1,2
NWT-78222-575,12/31/2019,75986-98864-EZ,A-D-0.2,1
EOI-02511-919,3/20/2020,66776-88682-RG,E-L-0.2,5
EOI-02511-919,3/20/2020,66776-88682-RG,A-D-0.5,5
UCT-03935-589,3/29/2021,85851-78384-DM,R-D-0.5,6
SBI-60013-494,11/12/2021,55232-81621-BX,E-M-0.2,2
QRA-73277-814,7/20/2021,80310-92912-JA,A-L-0.5,4
EQE-31648-909,1/18/2019,19821-05175-WZ,E-D-0.5,5
QOO-24615-950,8/7/2019,01338-83217-GV,R-M-2.5,3
WDV-73864-037,3/13/2022,66044-25298-TA,L-M-0.5,5
PKR-88575-066,5/17/2022,28728-47861-TZ,E-L-0.2,1
BWR-85735-955,12/14/2019,32638-38620-AX,L-M-1,3
YFX-64795-136,1/15/2020,83163-65741-IH,L-M-2.5,1
DDO-71442-967,4/12/2019,89422-58281-FD,L-D-0.2,5
ILQ-11027-588,3/29/2020,76293-30918-DQ,E-D-1,6
KRZ-13868-122,3/24/2022,86779-84838-EJ,E-L-1,3
VRM-93594-914,7/21/2021,66806-41795-MX,E-D-0.5,5
HXL-22497-359,8/6/2019,64875-71224-UI,A-L-1,3
NOP-21394-646,5/23/2021,16982-35708-BZ,E-L-0.5,6
NOP-21394-646,5/23/2021,16982-35708-BZ,L-D-2.5,2
NOP-21394-646,5/23/2021,16982-35708-BZ,L-D-2.5,3
NOP-21394-646,5/23/2021,16982-35708-BZ,L-L-0.5,4
NOP-21394-646,5/23/2021,16982-35708-BZ,E-M-1,3
FTV-77095-168,4/8/2021,66708-26678-QK,L-L-0.5,6
BOR-02906-411,10/17/2021,08743-09057-OO,L-D-2.5,6
WMP-68847-770,2/16/2022,37490-01572-JW,L-L-0.2,1
TMO-22785-872,7/15/2020,01811-60350-CU,E-M-1,6
TJG-73587-353,2/22/2020,24766-58139-GT,R-D-0.2,3
OOU-61343-455,1/15/2021,90123-70970-NY,A-M-1,2
RMA-08327-369,1/11/2021,93809-05424-MG,A-M-0.5,6
SFB-97929-779,4/8/2022,85425-33494-HQ,E-D-0.5,4
AUP-10128-606,10/1/2020,54387-64897-XC,A-M-0.5,1
YTW-40242-005,10/28/2019,01035-70465-UO,L-D-1,4
PRP-53390-819,3/28/2021,84260-39432-ML,E-L-0.5,6
GSJ-01065-125,3/31/2020,69779-40609-RS,E-D-0.2,4
YQU-65147-580,3/26/2022,80247-70000-HT,R-D-2.5,1
QPM-95832-683,11/6/2019,35058-04550-VC,L-L-1,2
BNQ-88920-567,12/30/2019,27226-53717-SY,L-D-0.2,6
PUX-47906-110,10/1/2021,02002-98725-CH,L-M-1,4
COL-72079-610,12/9/2020,38487-01549-MV,E-L-0.5,4
LBC-45686-819,5/1/2021,98573-41811-EQ,A-M-1,5
BLQ-03709-265,8/4/2022,72463-75685-MV,R-L-0.2,3
BLQ-03709-265,8/4/2022,72463-75685-MV,R-M-0.2,5
VFZ-91673-181,11/13/2021,10225-91535-AI,A-L-1,6
WKD-81956-870,9/16/2020,48090-06534-HI,L-D-0.5,3
TNI-91067-006,10/5/2020,80444-58185-FX,E-L-1,4
IZA-61469-812,1/6/2020,13561-92774-WP,L-D-2.5,4
PSS-22466-862,5/21/2021,11550-78378-GE,R-L-0.2,4
REH-56504-397,2/26/2020,90961-35603-RP,A-M-2.5,5
ALA-62598-016,2/19/2020,57145-03803-ZL,R-D-0.2,6
EYE-70374-835,6/29/2021,89115-11966-VF,R-L-0.2,5
CCZ-19589-212,3/27/2021,05754-41702-FG,L-M-0.2,2
BPT-83989-157,10/27/2021,84269-49816-ML,A-M-2.5,2
YFH-87456-208,6/12/2019,23600-98432-ME,L-M-0.2,2
JLN-14700-924,6/28/2020,79058-02767-CP,L-L-0.2,5
JVW-22582-137,3/23/2021,89208-74646-UK,E-M-0.2,5
LAA-41879-001,2/10/2022,11408-81032-UR,L-L-2.5,1
BRV-64870-915,4/16/2019,32070-55528-UG,L-L-2.5,5
RGJ-12544-083,2/12/2020,48873-84433-PN,L-D-2.5,3
JJX-83339-346,1/2/2022,32928-18158-OW,R-L-0.2,1
BIU-21970-705,12/7/2020,89711-56688-GG,R-M-2.5,2
ELJ-87741-745,2/20/2020,48389-71976-JB,E-L-1,4
SGI-48226-857,6/11/2020,84033-80762-EQ,A-M-2.5,6
AHV-66988-037,9/8/2020,12743-00952-KO,R-M-2.5,2
ISK-42066-094,3/28/2020,41505-42181-EF,E-D-1,3
FTC-35822-530,10/10/2020,14307-87663-KB,E-D-0.5,4
VSS-56247-688,5/21/2022,08360-19442-GB,L-M-2.5,4
HVW-25584-144,4/30/2020,93405-51204-UW,L-L-0.2,5
MUY-15309-209,12/12/2021,97152-03355-IW,L-D-1,3
VAJ-44572-469,10/27/2020,79216-73157-TE,R-L-0.2,6
YJU-84377-606,7/7/2020,20259-47723-AC,A-D-1,1
VNC-93921-469,1/31/2020,04666-71569-RI,L-L-1,1
OGB-91614-810,2/18/2020,08909-77713-CG,R-M-0.2,1
BQI-61647-496,6/13/2021,84340-73931-VV,E-M-1,5
IOM-51636-823,8/6/2022,04609-95151-XH,A-D-1,3
GGD-38107-641,11/23/2021,99562-88650-YF,L-M-1,4
LTO-95975-728,10/13/2021,46560-73885-PJ,R-L-0.5,4
IGM-84664-265,8/31/2021,80179-44620-WN,R-L-0.5,3
SKO-45740-621,1/16/2020,04666-71569-RI,L-M-0.5,2
FOJ-02234-063,4/25/2022,59081-87231-VP,E-D-2.5,1
MSJ-11909-468,11/13/2021,07878-45872-CC,E-D-2.5,5
DKB-78053-329,6/8/2021,12444-05174-OO,R-M-0.2,2
DFZ-45083-941,11/21/2020,34665-62561-AU,R-L-2.5,1
OTA-40969-710,3/14/2019,77877-11993-QH,R-L-1,5
GRH-45571-667,8/16/2019,32291-18308-YZ,E-M-1,3
NXV-05302-067,4/22/2019,25754-33191-ZI,L-M-2.5,4
VZH-86274-142,5/2/2022,53120-45532-KL,R-L-1,5
KIX-93248-135,2/11/2020,36605-83052-WB,A-D-0.5,1
AXR-10962-010,3/28/2021,53683-35977-KI,E-D-1,2
IHS-71573-008,5/8/2021,07972-83134-NM,E-D-0.2,6
QTR-19001-114,11/21/2019,01035-70465-UO,A-D-1,2
WBK-62297-910,5/17/2021,25514-23938-IQ,A-D-0.2,2
OGY-19377-175,7/9/2019,49084-44492-OJ,E-D-0.5,1
ESR-66651-814,5/20/2020,76624-72205-CK,A-D-0.2,4
CPX-46916-770,8/27/2021,12729-50170-JE,R-L-1,6
MDC-03318-645,4/30/2022,43974-44760-QI,A-L-0.2,2
SFF-86059-407,6/3/2020,30585-48726-BK,A-M-2.5,1
SCL-94540-788,6/13/2022,16123-07017-TY,E-L-2.5,6
HVU-21634-076,6/10/2020,27723-45097-MH,R-L-2.5,4
XUS-73326-418,12/18/2020,37078-56703-AF,E-L-1,6
XWD-18933-006,8/31/2019,79420-11075-MY,A-L-0.2,2
HPD-65272-772,2/25/2019,57504-13456-UO,L-M-2.5,1
JEG-93140-224,2/7/2021,53751-57560-CN,E-M-0.5,5
NNH-62058-950,1/14/2021,96112-42558-EA,E-L-1,4
LTD-71429-845,2/24/2019,03157-23165-UB,A-L-0.5,1
MPV-26985-215,6/23/2019,51466-52850-AG,R-D-0.5,1
IYO-10245-081,5/9/2020,57145-31023-FK,E-M-2.5,3
BYZ-39669-954,7/18/2020,66408-53777-VE,L-L-2.5,1
EFB-72860-209,10/17/2019,53035-99701-WG,A-M-0.2,4
GMM-72397-378,5/16/2022,45899-92796-EI,R-L-0.2,4
LYP-52345-883,3/24/2021,17649-28133-PY,E-M-0.5,1
DFK-35846-692,11/3/2019,49612-33852-CN,R-D-0.2,5
XAH-93337-609,10/28/2021,66976-43829-YG,A-D-1,5
QKA-72582-644,12/16/2020,64852-04619-XZ,E-M-0.5,2
ZDK-84567-102,11/29/2021,58690-31815-VY,A-D-0.5,3
WAV-38301-984,3/20/2021,62863-81239-DT,A-D-0.5,5
KZR-33023-209,4/8/2022,21177-40725-CF,E-L-1,3
ULM-49433-003,8/14/2020,99421-80253-UI,E-M-1,2
SIB-83254-136,5/12/2019,45315-50206-DK,R-M-0.5,6
NOK-50349-551,3/3/2021,09595-95726-OV,R-D-0.5,3
YIS-96268-844,2/11/2020,60221-67036-TD,E-L-0.2,6
CXI-04933-855,4/27/2019,62923-29397-KX,E-L-2.5,6
IZU-90429-382,3/26/2022,33011-52383-BA,A-L-1,3
WIT-40912-783,9/28/2020,86768-91598-FA,L-D-0.2,4
PSD-57291-590,10/24/2019,37191-12203-MX,A-M-0.5,1
GOI-41472-677,8/4/2021,16545-76328-JY,E-D-2.5,4
KTX-17944-494,12/29/2019,74330-29286-RO,A-L-0.2,1
RDM-99811-230,11/27/2019,22349-47389-GY,L-M-0.2,5
JTU-55897-581,2/29/2020,70290-38099-GB,R-M-0.2,5
CRK-07584-240,1/31/2021,18741-72071-PP,A-M-1,3
MKE-75518-399,6/17/2022,62588-82624-II,A-M-1,3
AEL-51169-725,2/3/2020,37430-29579-HD,L-M-0.2,6
ZGM-83108-823,1/25/2022,84132-22322-QT,E-L-1,1
JBP-78754-392,4/30/2020,74330-29286-RO,E-M-2.5,6
RNH-54912-747,5/1/2021,37445-17791-NQ,R-M-0.5,1
JDS-33440-914,10/28/2021,58511-10548-ZU,R-M-1,3
SYX-48878-182,8/29/2021,47725-34771-FJ,R-D-1,5
ZGD-94763-868,12/27/2019,53086-67334-KT,E-L-2.5,1
CZY-70361-485,6/25/2019,83308-82257-UN,E-L-2.5,6
RJR-12175-899,3/2/2019,37274-08534-FM,E-D-0.5,3
ELB-07929-407,1/2/2022,54004-04664-AA,A-M-2.5,2
UJQ-54441-340,7/30/2019,26822-19510-SD,E-M-0.2,2
UJQ-54441-340,7/30/2019,26822-19510-SD,A-L-0.2,5
OWY-43108-475,12/5/2020,06432-73165-ML,A-M-0.2,6
GNO-91911-159,12/17/2020,96503-31833-CW,L-D-0.5,3
CNY-06284-066,6/26/2021,63985-64148-MG,E-D-0.2,5
OQS-46321-904,7/20/2019,19597-91185-CM,E-M-1,1
IBW-87442-480,7/14/2022,79814-23626-JR,A-L-2.5,1
DGZ-82537-477,8/14/2020,43439-94003-DW,R-D-1,5
LPS-39089-432,4/24/2019,97655-45555-LI,R-D-1,5
MQU-86100-929,6/4/2019,64418-01720-VW,L-L-0.5,4
XUR-14132-391,8/8/2022,96836-09258-RI,R-D-0.5,4
OVI-27064-381,11/13/2019,37274-08534-FM,R-D-0.5,3
SHP-17012-870,6/7/2020,69529-07533-CV,R-M-2.5,1
FDY-03414-903,8/12/2019,94840-49457-UD,A-D-0.5,3
WXT-85291-143,9/4/2019,81414-81273-DK,R-M-0.5,4
QNP-18893-547,10/4/2019,76930-61689-CH,R-L-1,5
DOH-92927-530,2/24/2020,12839-56537-TQ,L-L-0.2,6
HGJ-82768-173,8/26/2021,62741-01322-HU,A-M-1,4
YPT-95383-088,10/3/2021,43439-94003-DW,E-D-2.5,2
OYH-16533-767,6/13/2020,44932-34838-RM,E-L-1,4
DWW-28642-549,3/1/2021,91181-19412-RQ,E-D-0.2,2
CGO-79583-871,3/4/2019,37182-54930-XC,E-D-0.5,1
TFY-52090-386,10/13/2019,08613-17327-XT,E-L-0.5,2
TFY-52090-386,10/13/2019,08613-17327-XT,L-D-0.5,5
NYY-73968-094,8/15/2019,70451-38048-AH,R-D-0.5,6
QEY-71761-460,11/29/2021,35442-75769-PL,R-M-1,2
GKQ-82603-910,1/19/2020,83737-56117-JE,R-L-1,5
IOB-32673-745,5/28/2021,07095-81281-NJ,A-L-0.5,3
YAU-98893-150,1/15/2022,77043-48851-HG,L-M-1,3
XNM-14163-951,12/4/2019,78224-60622-KH,E-L-2.5,6
JPB-45297-000,7/1/2022,83105-86631-IU,R-L-0.2,4
MOU-74341-266,5/7/2019,99358-65399-TC,A-D-0.5,4
DHJ-87461-571,8/23/2020,94525-76037-JP,A-M-1,2
DKM-97676-850,6/2/2020,43439-94003-DW,E-D-0.5,5
UEB-09112-118,1/30/2020,82718-93677-XO,A-M-0.5,4
ORZ-67699-748,2/15/2020,44708-78241-DF,A-M-2.5,6
JXP-28398-485,6/11/2021,23039-93032-FN,A-D-2.5,5
WWH-92259-198,3/11/2022,35256-12529-FT,L-D-1,4
FLR-82914-153,9/9/2021,86100-33488-WP,A-M-2.5,6
AMB-93600-000,5/14/2019,64435-53100-WM,A-L-2.5,1
FEP-36895-658,4/8/2019,44699-43836-UH,R-L-0.2,6
RXW-91413-276,8/15/2020,29588-35679-RG,R-D-2.5,2
RXW-91413-276,8/15/2020,29588-35679-RG,R-M-0.5,1
SDB-77492-188,5/5/2022,64815-54078-HH,E-L-1,5
RZN-65182-395,3/27/2021,59572-41990-XY,L-M-1,6
HDQ-86094-507,4/27/2019,32481-61533-ZJ,E-D-1,6
YXO-79631-417,9/25/2021,31587-92570-HL,L-D-0.5,1
SNF-57032-096,2/13/2020,93832-04799-ID,E-D-0.5,6
DGL-29648-995,7/16/2021,59367-30821-ZQ,L-M-0.2,2
GPU-65651-504,5/11/2022,83947-45528-ET,E-M-2.5,2
OJU-34452-896,2/4/2019,60799-92593-CX,E-L-0.5,1
GZS-50547-887,2/5/2019,61600-55136-UM,E-D-1,2
ESR-54041-053,5/24/2022,59771-90302-OF,A-L-0.5,6
OGD-10781-526,10/4/2020,16880-78077-FB,R-L-0.5,6
FVH-29271-315,6/30/2022,74415-50873-FC,A-D-0.5,3
BNZ-20544-633,10/21/2020,31798-95707-NR,L-L-0.5,4
FUX-85791-078,10/16/2020,59122-08794-WT,A-M-0.2,2
YXP-20078-116,9/23/2020,37238-52421-JJ,R-M-0.5,1
VQV-59984-866,3/8/2019,48854-01899-FN,R-D-0.2,3
JEH-37276-048,6/30/2021,80896-38819-DW,A-L-0.5,3
VYD-28555-589,8/13/2019,29814-01459-RC,R-L-0.5,6
WUG-76466-650,2/22/2021,43439-94003-DW,L-D-0.5,3
RJV-08261-583,3/26/2022,48497-29281-FE,A-D-0.2,5
PMR-56062-609,1/10/2020,43605-12616-YH,E-D-0.5,3
XLD-12920-505,5/1/2019,21907-75962-VB,E-L-0.5,6
UBW-50312-037,2/9/2020,69503-12127-YD,A-L-2.5,4
QAW-05889-019,12/29/2021,68810-07329-EU,L-M-0.5,5
EPT-12715-397,9/9/2020,08478-75251-OG,A-D-0.2,6
DHT-93810-053,9/16/2021,17005-82030-EA,E-L-1,5
DMY-96037-963,10/26/2020,42179-95059-DO,L-D-0.2,3
MBM-55936-917,3/12/2019,55989-39849-WO,L-D-0.5,3
TPA-93614-840,2/18/2021,28932-49296-TM,E-D-0.5,2
WDM-77521-710,10/29/2020,86144-10144-CB,A-M-0.5,2
EIP-19142-462,9/6/2021,60973-72562-DQ,E-L-1,6
EIP-19142-462,9/6/2021,60973-72562-DQ,A-L-0.2,1
ZZL-76364-387,9/9/2020,11263-86515-VU,R-L-2.5,4
GMF-18638-786,9/26/2021,60004-62976-NI,L-D-0.5,6
TDJ-20844-787,11/5/2020,77876-28498-HI,A-L-0.5,5
BWK-39400-446,9/12/2019,61302-06948-EH,L-D-0.5,4
LCB-02099-995,7/31/2019,06757-96251-UH,A-D-0.2,6
UBA-43678-174,3/15/2019,44530-75983-OD,E-D-2.5,6
UDH-24280-432,5/16/2021,44865-58249-RY,L-L-1,4
IDQ-20193-502,5/6/2019,36021-61205-DF,L-M-0.2,2
DJG-14442-608,2/6/2019,75716-12782-SS,R-D-1,3
DWB-61381-370,4/9/2021,11812-00461-KH,L-L-0.2,2
FRD-17347-990,5/20/2020,46681-78850-ZW,A-D-1,4
YPP-27450-525,12/2/2020,01932-87052-KO,E-M-0.5,3
EFC-39577-424,8/8/2021,16046-34805-ZF,E-M-1,5
LAW-80062-016,2/3/2022,34546-70516-LR,E-M-0.5,6
WKL-27981-758,4/8/2022,73699-93557-FZ,A-M-2.5,2
VRT-39834-265,1/7/2021,86686-37462-CK,L-L-1,3
QTC-71005-730,9/2/2021,14298-02150-KH,A-L-0.2,4
TNX-09857-717,11/4/2021,48675-07824-HJ,L-M-1,6
JZV-43874-185,8/2/2021,18551-80943-YQ,A-M-1,5
ICF-17486-106,1/27/2020,19196-09748-DB,L-L-2.5,1
BMK-49520-383,12/3/2019,72233-08665-IP,R-L-0.2,3
HTS-15020-632,8/6/2019,53817-13148-RK,R-M-0.2,3
YLE-18247-749,3/11/2020,92227-49331-QR,A-L-0.5,3
KJJ-12573-591,9/18/2021,12997-41076-FQ,A-L-2.5,1
RGU-43561-950,11/7/2020,44220-00348-MB,A-L-2.5,5
JSN-73975-443,6/27/2022,93047-98331-DD,L-M-0.5,1
WNR-71736-993,2/5/2020,16880-78077-FB,L-D-0.5,4
WNR-71736-993,2/5/2020,16880-78077-FB,A-D-2.5,6
HNI-91338-546,2/7/2020,67285-75317-XI,A-D-0.5,5
CYH-53243-218,12/18/2020,88167-57964-PH,R-M-0.5,3
SVD-75407-177,8/23/2021,16106-36039-QS,E-L-0.5,3
NVN-66443-451,8/20/2021,98921-82417-GN,R-D-1,2
JUA-13580-095,4/1/2019,55265-75151-AK,R-L-0.2,4
ACY-56225-839,1/28/2021,47386-50743-FG,A-M-2.5,3
QBB-07903-622,10/21/2019,32622-54551-UC,R-L-1,5
JLJ-81802-619,6/20/2021,16880-78077-FB,A-L-1,6
HFT-77191-168,11/4/2021,48419-02347-XP,R-D-0.2,2
SZR-35951-530,4/5/2021,14121-20527-OJ,E-D-2.5,3
IKL-95976-565,12/9/2019,53486-73919-BQ,A-M-1,2
XEY-48929-474,1/2/2022,21889-94615-WT,L-M-2.5,6
SQT-07286-736,12/8/2019,87726-16941-QW,A-M-1,6
QDU-45390-361,11/28/2021,03677-09134-BC,E-M-0.5,1
RUJ-30649-712,3/11/2022,93224-71517-WV,L-L-0.2,2
WSV-49732-075,1/17/2021,76263-95145-GJ,L-D-2.5,1
VJF-46305-323,1/18/2019,68555-89840-GZ,L-D-0.5,2
CXD-74176-600,4/7/2019,70624-19112-AO,E-L-0.5,4
ADX-50674-975,2/3/2021,58916-61837-QH,A-M-2.5,4
RRP-51647-420,4/18/2019,89292-52335-YZ,E-D-1,3
PKJ-99134-523,7/7/2021,77284-34297-YY,R-L-0.5,5
FZQ-29439-457,2/23/2021,50449-80974-BZ,E-L-0.2,5
USN-68115-161,8/10/2021,08120-16183-AW,E-M-0.2,6
IXU-20263-532,11/15/2019,68044-89277-ML,L-M-2.5,2
CBT-15092-420,12/17/2019,71364-35210-HS,L-M-0.5,1
PKQ-46841-696,3/18/2020,37177-68797-ON,R-M-0.5,3
XDU-05471-219,6/6/2022,60308-06944-GS,R-L-0.5,1
NID-20149-329,5/20/2021,49888-39458-PF,R-D-0.2,2
SVU-27222-213,1/11/2021,60748-46813-DZ,L-L-0.2,5
RWI-84131-848,2/22/2019,16385-11286-NX,R-D-2.5,2
GUU-40666-525,11/24/2021,68555-89840-GZ,A-L-0.2,3
SCN-51395-066,1/18/2022,72164-90254-EJ,L-L-0.5,4
ULA-24644-321,8/13/2021,67010-92988-CT,R-D-2.5,4
EOL-92666-762,1/11/2020,15776-91507-GT,L-L-0.2,2
AJV-18231-334,7/5/2020,23473-41001-CD,R-D-2.5,2
ZQI-47236-301,7/25/2019,23446-47798-ID,L-L-0.5,5
ZCR-15721-658,5/26/2022,28327-84469-ND,A-M-1,4
QEW-47945-682,1/10/2020,42466-87067-DT,L-L-0.2,5
PSY-45485-542,5/17/2019,62246-99443-HF,R-D-0.5,3
BAQ-74241-156,7/24/2020,99869-55718-UU,R-D-0.2,4
BVU-77367-451,10/20/2020,77421-46059-RY,A-D-1,5
TJE-91516-344,9/22/2019,49894-06550-OQ,E-M-1,2
LIS-96202-702,6/7/2020,72028-63343-SU,L-D-2.5,4
VIO-27668-766,12/15/2019,10074-20104-NN,R-D-2.5,1
ZVG-20473-043,12/6/2020,71769-10219-IM,A-D-0.2,3
KGZ-56395-231,12/6/2021,22221-71106-JD,A-D-0.5,1
CUU-92244-729,7/11/2020,99735-44927-OL,E-M-1,3
EHE-94714-312,6/28/2021,27132-68907-RC,E-L-0.2,5
RTL-16205-161,4/5/2022,90440-62727-HI,A-M-0.5,1
GTS-22482-014,3/24/2022,36769-16558-SX,L-M-2.5,4
DYG-25473-881,2/8/2020,10138-31681-SD,A-D-0.2,2
HTR-21838-286,2/11/2022,24669-76297-SF,A-L-1,2
KYG-28296-920,7/2/2020,78050-20355-DI,E-M-2.5,1
NNB-20459-430,7/25/2022,79825-17822-UH,L-M-0.2,2
FEK-14025-351,3/19/2021,03990-21586-MQ,E-L-0.2,6
AWH-16980-469,5/11/2020,27493-46921-TZ,L-M-0.2,6
ZPW-31329-741,6/8/2019,27132-68907-RC,R-D-1,6
ZPW-31329-741,6/8/2019,27132-68907-RC,E-M-2.5,4
ZPW-31329-741,6/8/2019,27132-68907-RC,E-M-0.2,1
UBI-83843-396,10/9/2019,58816-74064-TF,R-L-1,2
VID-40587-569,2/20/2021,09818-59895-EH,E-D-2.5,5
KBB-52530-416,11/21/2019,06488-46303-IZ,L-D-2.5,2
ISJ-48676-420,10/10/2021,93046-67561-AY,L-L-0.5,6
MIF-17920-768,8/5/2021,68946-40750-LK,R-L-0.2,6
CPX-19312-088,7/31/2020,38387-64959-WW,L-M-0.5,6
RXI-67978-260,9/19/2020,48418-60841-CC,E-D-1,6
LKE-14821-285,5/3/2020,13736-92418-JS,R-M-0.2,5
LRK-97117-150,7/8/2019,33000-22405-LO,L-L-1,6
IGK-51227-573,10/26/2019,46959-60474-LT,L-D-0.5,2
ZAY-43009-775,9/27/2020,73431-39823-UP,L-D-0.2,6
EMA-63190-618,2/28/2022,90993-98984-JK,E-M-0.2,1
FBI-35855-418,9/16/2020,06552-04430-AG,R-M-0.5,6
TXB-80533-417,10/28/2020,54597-57004-QM,L-L-1,2
MBM-00112-248,9/2/2019,50238-24377-ZS,L-L-1,5
EUO-69145-988,8/30/2021,60370-41934-IF,E-D-0.2,3
GYA-80327-368,6/4/2021,06899-54551-EH,A-D-1,4
TNW-41601-420,11/24/2020,66458-91190-YC,R-M-1,5
ALR-62963-723,6/21/2020,80463-43913-WZ,R-D-0.2,3
JIG-27636-870,7/13/2020,67204-04870-LG,R-L-1,4
CTE-31437-326,1/2/2019,22721-63196-UJ,R-M-0.2,4
CTE-31437-326,1/2/2019,22721-63196-UJ,E-M-0.2,4
CTE-31437-326,1/2/2019,22721-63196-UJ,L-D-1,4
CTE-31437-326,1/2/2019,22721-63196-UJ,L-L-0.2,3
SLD-63003-334,2/17/2022,55515-37571-RS,L-M-0.2,6
BXN-64230-789,12/19/2020,25598-77476-CB,A-L-1,2
XEE-37895-169,2/20/2019,14888-85625-TM,A-L-2.5,3
ZTX-80764-911,1/14/2021,92793-68332-NR,L-D-0.5,6
WVT-88135-549,11/16/2019,66458-91190-YC,A-D-1,3
IPA-94170-889,12/4/2019,64439-27325-LG,R-L-0.2,3
YQL-63755-365,7/31/2020,78570-76770-LB,A-M-0.2,4
RKW-81145-984,3/11/2019,98661-69719-VI,L-L-1,3
MBT-23379-866,5/10/2022,82990-92703-IX,L-L-1,5
GEJ-39834-935,12/25/2021,49412-86877-VY,L-M-0.2,6
KRW-91640-596,4/22/2022,70879-00984-FJ,R-L-0.5,3
AOT-70449-651,6/11/2022,53414-73391-CR,R-D-2.5,5
DGC-21813-731,4/27/2022,43606-83072-OA,L-D-0.2,2
JBE-92943-643,12/29/2020,84466-22864-CE,E-D-2.5,5
ZIL-34948-499,7/14/2020,66458-91190-YC,A-D-0.5,2
JSU-23781-256,9/7/2021,76499-89100-JQ,L-D-0.2,1
JSU-23781-256,9/7/2021,76499-89100-JQ,R-M-1,4
VPX-44956-367,6/9/2019,39582-35773-ZJ,R-M-0.5,5
VTB-46451-959,10/25/2020,66240-46962-IO,L-D-2.5,1
DNZ-11665-950,2/28/2021,10637-45522-ID,L-L-2.5,2
ITR-54735-364,7/26/2020,92599-58687-CS,R-D-0.2,5
YDS-02797-307,6/5/2022,06058-48844-PI,E-M-2.5,4
BPG-68988-842,2/21/2019,53631-24432-SY,E-M-0.5,5
XZG-51938-658,4/5/2020,18275-73980-KL,E-L-0.5,6
KAR-24978-271,1/10/2019,23187-65750-HZ,R-M-1,6
FQK-28730-361,4/12/2022,22725-79522-GP,R-M-1,6
BGB-67996-089,1/30/2022,06279-72603-JE,R-D-1,5
XMC-20620-809,5/14/2021,83543-79246-ON,E-M-0.5,2
ZSO-58292-191,6/12/2022,66794-66795-VW,R-D-0.5,4
LWJ-06793-303,1/2/2022,95424-67020-AP,R-M-2.5,2
FLM-82229-989,1/24/2022,73017-69644-MS,L-L-0.2,2
CPV-90280-133,3/20/2019,66458-91190-YC,R-D-0.2,3
OGW-60685-912,11/21/2020,67423-10113-LM,E-D-2.5,4
DEC-11160-362,10/13/2021,48582-05061-RY,R-D-0.2,4
WCT-07869-499,10/19/2021,32031-49093-KE,R-D-0.5,5
FHD-89872-325,4/29/2019,31715-98714-OO,L-L-1,4
AZF-45991-584,10/12/2019,73759-17258-KA,A-D-2.5,1
MDG-14481-513,5/19/2021,64897-79178-MH,A-M-2.5,4
OFN-49424-848,7/3/2021,73346-85564-JB,R-L-2.5,2
NFA-03411-746,2/8/2020,07476-13102-NJ,A-L-0.5,2
CYM-74988-450,10/16/2020,87223-37422-SK,L-D-0.2,4
WTV-24996-658,10/23/2020,57837-15577-YK,E-D-2.5,3
DSL-69915-544,3/10/2021,10142-55267-YO,R-L-0.2,3
NBT-35757-542,7/7/2021,73647-66148-VM,E-L-0.2,3
OYU-25085-528,2/5/2021,10142-55267-YO,E-L-0.2,4
XCG-07109-195,12/11/2020,92976-19453-DT,L-D-0.2,6
YZA-25234-630,5/13/2022,89757-51438-HX,E-D-0.2,2
OKU-29966-417,10/23/2019,76192-13390-HZ,E-L-0.2,4
MEX-29350-659,9/11/2020,02009-87294-SY,E-M-1,5
NOY-99738-977,9/29/2019,82872-34456-LJ,R-L-2.5,2
TCR-01064-030,3/3/2021,13181-04387-LI,E-M-1,6
YUL-42750-776,11/23/2021,24845-36117-TI,L-M-0.2,2
XQJ-86887-506,11/6/2021,66458-91190-YC,E-L-1,4
CUN-90044-279,1/29/2021,86646-65810-TD,L-D-0.2,4
ICC-73030-502,4/16/2022,59480-02795-IU,A-L-1,3
ADP-04506-084,7/24/2021,61809-87758-LJ,E-M-2.5,6
PNU-22150-408,8/11/2019,77408-43873-RS,A-D-0.2,6
VSQ-07182-513,7/23/2019,18366-65239-WF,L-L-0.2,6
SPF-31673-217,6/9/2020,19485-98072-PS,E-M-1,6
NEX-63825-598,2/22/2020,72072-33025-SD,R-L-0.5,2
XPG-66112-335,7/19/2020,58118-22461-GC,R-D-2.5,4
NSQ-72210-345,9/20/2021,90940-63327-DJ,A-M-0.2,6
XRR-28376-277,5/2/2021,64481-42546-II,R-L-2.5,6
WHQ-25197-475,11/26/2021,27536-28463-NJ,L-L-0.2,4
HMB-30634-745,2/18/2020,19485-98072-PS,A-D-2.5,6
XTL-68000-371,4/7/2020,70140-82812-KD,A-M-0.5,4
YES-51109-625,1/31/2022,91895-55605-LS,E-L-0.5,4
EAY-89850-211,2/19/2019,43155-71724-XP,A-D-0.2,2
IOQ-84840-827,11/12/2019,32038-81174-JF,A-M-1,6
FBD-56220-430,5/16/2022,59205-20324-NB,R-L-0.2,6
COV-52659-202,2/12/2021,99899-54612-NX,L-M-2.5,2
YUO-76652-814,4/4/2021,26248-84194-FI,A-D-0.2,6
PBT-36926-102,8/2/2021,19485-98072-PS,L-M-1,4
BLV-60087-454,6/8/2022,84493-71314-WX,E-L-0.2,3
BLV-60087-454,6/8/2022,84493-71314-WX,A-M-0.5,5
QYC-63914-195,5/14/2020,39789-43945-IV,E-L-1,3
OIB-77163-890,12/25/2020,38972-89678-ZM,E-L-0.5,5
SGS-87525-238,7/5/2021,91465-84526-IJ,E-D-1,5
GQR-12490-152,3/14/2019,22832-98538-RB,R-L-0.2,1
UOJ-28238-299,3/7/2021,30844-91890-ZA,R-L-0.2,6
ETD-58130-674,11/5/2021,05325-97750-WP,E-M-0.5,2
UPF-60123-025,2/6/2020,88992-49081-AT,R-L-2.5,3
NQS-01613-687,3/12/2021,10204-31464-SA,L-D-0.5,1
MGH-36050-573,8/3/2020,75156-80911-YT,R-M-0.5,2
UVF-59322-459,7/25/2019,53971-49906-PZ,E-L-2.5,6
VET-41158-896,4/29/2020,10728-17633-ST,E-M-2.5,2
XYL-52196-459,5/2/2019,13549-65017-VE,R-D-0.2,3
BPZ-51283-916,8/29/2021,87688-42420-TO,A-M-2.5,2
VQW-91903-926,3/13/2020,05325-97750-WP,E-D-2.5,1
OLF-77983-457,2/16/2019,51901-35210-UI,A-L-2.5,2
MVI-04946-827,11/27/2021,62483-50867-OM,E-L-1,1
UOG-94188-104,11/23/2021,92753-50029-SD,A-M-0.5,5
DSN-15872-519,12/2/2021,53809-98498-SN,L-L-2.5,4
OUQ-73954-002,1/6/2019,66308-13503-KD,R-M-0.2,4
LGL-16843-667,5/5/2021,82458-87830-JE,A-D-0.2,4
TCC-89722-031,10/23/2021,41611-34336-WT,L-D-0.5,1
TRA-79507-007,12/16/2019,70089-27418-UJ,R-L-2.5,4
MZJ-77284-941,5/18/2019,99978-56910-BN,E-L-0.2,5
AXN-57779-891,7/14/2019,09668-23340-IC,R-M-0.2,3
PJB-15659-994,11/13/2020,39457-62611-YK,L-D-2.5,4
LTS-03470-353,7/16/2020,90985-89807-RW,A-L-2.5,5
UMM-28497-689,11/3/2020,05325-97750-WP,L-L-2.5,3
MJZ-93232-402,3/20/2022,17816-67941-ZS,E-D-0.2,1
UHW-74617-126,2/16/2022,90816-65619-LM,E-D-2.5,2
RIK-61730-794,11/12/2020,69761-61146-KD,L-M-0.2,6
IDJ-55379-750,10/5/2019,24040-20817-QB,R-M-1,4
OHX-11953-965,10/1/2019,19524-21432-XP,E-L-2.5,2
TVV-42245-088,3/6/2020,14398-43114-RV,A-M-0.2,4
DYP-74337-787,10/23/2019,41486-52502-QQ,R-M-0.5,1
OKA-93124-100,4/23/2020,05325-97750-WP,R-M-0.5,5
IXW-20780-268,6/24/2020,20236-64364-QL,L-L-2.5,2
NGG-24006-937,3/16/2021,29102-40100-TZ,E-M-2.5,4
JZC-31180-557,4/7/2020,09171-42203-EB,L-M-2.5,1
ZMU-63715-204,9/30/2021,29060-75856-UI,E-D-1,6
GND-08192-056,5/1/2022,17088-16989-PL,L-D-0.5,2
RYY-38961-093,1/21/2021,14756-18321-CL,A-M-0.2,6
CVA-64996-969,6/24/2020,13324-78688-MI,A-L-1,6
XTH-67276-442,3/3/2019,73799-04749-BM,L-M-2.5,4
PVU-02950-470,1/28/2021,01927-46702-YT,E-D-1,1
XSN-26809-910,6/28/2020,80467-17137-TO,E-M-2.5,2
UDN-88321-005,7/5/2020,14640-87215-BK,R-L-0.5,5
EXP-21628-670,3/2/2019,94447-35885-HK,A-M-2.5,3
VGM-24161-361,5/1/2022,71034-49694-CS,E-M-2.5,2
PKN-19556-918,4/29/2022,00445-42781-KX,E-L-0.2,6
PKN-19556-918,4/29/2022,00445-42781-KX,L-D-0.5,4
PKN-19556-918,4/29/2022,00445-42781-KX,A-D-0.2,1
PKN-19556-918,4/29/2022,00445-42781-KX,R-D-2.5,5
DXQ-44537-297,8/6/2020,96116-24737-LV,E-L-0.5,4
BPC-54727-307,12/21/2019,18684-73088-YL,R-L-1,4
KSH-47717-456,4/19/2020,74671-55639-TU,L-M-1,3
ANK-59436-446,1/17/2022,17488-65879-XL,E-L-0.5,4
AYY-83051-752,1/22/2019,46431-09298-OU,L-L-1,6
CSW-59644-267,2/28/2020,60378-26473-FE,E-M-2.5,1
ITY-92466-909,8/7/2019,34927-68586-ZV,A-M-2.5,3
IGW-04801-466,5/15/2021,29051-27555-GD,L-D-0.2,1
LJN-34281-921,12/17/2021,52143-35672-JF,R-L-2.5,5
BWZ-46364-547,9/9/2021,64918-67725-MN,R-L-1,3
SBC-95710-706,2/19/2020,85634-61759-ND,E-M-0.2,2
WRN-55114-031,6/29/2020,40180-22940-QB,E-L-2.5,3
TZU-64255-831,5/13/2022,34666-76738-SQ,R-D-2.5,2
JVF-91003-729,10/2/2020,98536-88616-FF,A-D-2.5,3
MVB-22135-665,12/2/2021,55621-06130-SA,A-D-1,1
CKS-47815-571,11/2/2021,45666-86771-EH,L-L-0.5,3
OAW-17338-101,2/23/2020,52143-35672-JF,R-D-0.2,6
ALP-37623-536,7/3/2020,24689-69376-XX,L-L-1,6
WMU-87639-108,2/11/2019,71891-51101-VQ,R-D-0.5,1
USN-44968-231,9/10/2020,71749-05400-CN,R-L-1,4
YZG-20575-451,3/2/2020,64845-00270-NO,L-L-1,4
HTH-52867-812,6/28/2021,29851-36402-UX,A-M-2.5,4
FWU-44971-444,1/11/2019,12190-25421-WM,A-D-2.5,3
EQI-82205-066,9/20/2019,52316-30571-GD,R-M-2.5,2
NAR-00747-074,10/16/2021,23243-92649-RY,L-D-1,4
JYR-22052-185,1/1/2020,39528-19971-OR,A-M-0.5,2
XKO-54097-932,3/10/2022,32743-78448-KT,E-M-0.5,3
HXA-72415-025,5/12/2022,93417-12322-YB,A-D-2.5,2
MJF-20065-335,9/10/2020,56891-86662-UY,E-L-0.5,6
GFI-83300-059,10/16/2021,40414-26467-VE,A-M-0.2,6
WJR-51493-682,6/17/2021,87858-83734-RK,L-D-2.5,5
SHP-55648-472,3/30/2019,46818-20198-GB,A-M-1,6
HYR-03455-684,12/19/2021,29808-89098-XD,E-D-1,6
HYR-03455-684,12/19/2021,29808-89098-XD,L-D-0.2,2
HUG-52766-375,6/5/2020,78786-77449-RQ,A-D-2.5,4
DAH-46595-917,9/12/2021,27878-42224-QF,A-D-1,6
VEM-79839-466,3/16/2022,32743-78448-KT,R-L-2.5,5
OWH-11126-533,12/21/2021,25331-13794-SB,L-M-2.5,2
UMT-26130-151,5/21/2019,55864-37682-GQ,L-M-0.2,3
JKA-27899-806,10/26/2021,97005-25609-CQ,R-L-1,5
ULU-07744-724,3/26/2020,94058-95794-IJ,L-M-0.5,5
NOM-56457-507,10/14/2020,40214-03678-GU,E-M-1,6
NZN-71683-705,12/13/2021,04921-85445-SL,A-L-2.5,6
WMA-34232-850,3/8/2021,53386-94266-LJ,L-D-2.5,4
EZL-27919-704,1/21/2021,49480-85909-DG,L-L-0.5,5
ZYU-11345-774,1/10/2021,18293-78136-MN,L-M-0.5,5
CPW-34587-459,3/26/2021,84641-67384-TD,A-L-2.5,6
NQZ-82067-394,3/25/2022,72320-29738-EB,R-L-2.5,1
JBW-95055-851,7/22/2021,47355-97488-XS,A-M-1,5
AHY-20324-088,9/6/2020,63499-24884-PP,L-L-0.2,2
ZSL-66684-103,12/28/2019,39193-51770-FM,E-M-0.2,2
WNE-73911-475,4/20/2020,61323-91967-GG,L-D-0.5,6
EZB-68383-559,2/21/2019,90123-01967-KS,R-L-1,6
OVO-01283-090,3/17/2022,15958-25089-OS,L-L-2.5,2
TXH-78646-919,5/14/2021,98430-37820-UV,R-D-0.2,3
CYZ-37122-164,1/6/2019,21798-04171-XC,E-M-0.5,2
AGQ-06534-750,4/24/2019,52798-46508-HP,A-L-1,5
QVL-32245-818,5/30/2021,46478-42970-EM,A-M-0.5,5
LTD-96842-834,7/12/2022,00246-15080-LE,L-D-2.5,6
SEC-91807-425,1/31/2021,94091-86957-HX,A-M-1,2
MHM-44857-599,9/12/2019,26295-44907-DK,L-D-1,1
KGC-95046-911,6/30/2020,95351-96177-QV,A-M-2.5,2
RZC-75150-413,3/25/2020,92204-96636-BS,E-D-0.5,5
EYH-88288-452,4/14/2021,03010-30348-UA,L-L-2.5,5
NYQ-24237-772,8/16/2019,13441-34686-SW,L-D-0.5,4
WKB-21680-566,12/17/2021,96612-41722-VJ,A-M-0.5,3
THE-61147-027,12/31/2019,94091-86957-HX,L-D-1,2
PTY-86420-119,4/12/2021,25504-41681-WA,A-D-0.5,4
QHL-27188-431,9/28/2019,75443-07820-DZ,L-L-0.5,2
MIS-54381-047,6/15/2022,39276-95489-XV,A-D-0.5,5
TBB-29780-459,7/15/2019,61437-83623-PZ,A-L-0.5,1
QLC-52637-305,2/10/2019,34317-87258-HQ,L-D-2.5,4
CWT-27056-328,6/4/2022,18570-80998-ZS,E-D-0.2,6
ASS-05878-128,10/10/2020,66580-33745-OQ,E-L-0.5,2
EGK-03027-418,6/6/2021,19820-29285-FD,E-M-0.2,3
KCY-61732-849,3/16/2019,11349-55147-SN,L-D-1,2
BLI-21697-702,12/5/2019,21141-12455-VB,A-M-0.5,2
KFJ-46568-890,1/20/2019,71003-85639-HB,E-L-0.5,2
SOK-43535-680,4/4/2022,58443-95866-YO,E-M-0.5,3
XUE-87260-201,2/8/2022,89646-21249-OH,R-M-0.2,6
CZF-40873-691,6/30/2019,64988-20636-XQ,E-M-0.5,2
AIA-98989-755,5/9/2020,34704-83143-KS,R-M-0.2,1
ITZ-21793-986,6/11/2021,67388-17544-XX,E-D-0.2,4
YOK-93322-608,11/4/2021,69411-48470-ID,E-L-1,6
LXK-00634-611,2/20/2022,94091-86957-HX,R-L-1,3
CQW-37388-302,7/3/2019,97741-98924-KT,A-D-2.5,3
SPA-79365-334,6/1/2021,79857-78167-KO,L-D-1,3
VPX-08817-517,11/15/2020,46963-10322-ZA,L-L-1,5
PBP-87115-410,1/19/2021,93812-74772-MV,E-D-0.5,5
SFB-93752-440,10/10/2021,48203-23480-UB,R-M-0.2,3
TBU-65158-068,2/28/2022,60357-65386-RD,E-D-1,2
TEH-08414-216,10/1/2021,35099-13971-JI,E-M-2.5,2
MAY-77231-536,9/2/2020,01304-59807-OB,A-M-0.2,2
ATY-28980-884,7/31/2020,50705-17295-NK,A-L-0.2,6
SWP-88281-918,1/10/2022,77657-61366-FY,L-L-2.5,4
VCE-56531-986,3/9/2021,57192-13428-PL,R-M-0.5,5
FVV-75700-005,11/20/2020,24891-77957-LU,E-D-0.5,3
CFZ-53492-600,3/14/2022,64896-18468-BT,L-M-0.2,1
LDK-71031-121,1/10/2019,84761-40784-SV,L-L-2.5,1
EBA-82404-343,1/26/2021,20236-42322-CM,L-D-0.2,4
USA-42811-560,4/26/2021,49671-11547-WG,E-L-0.2,2
SNL-83703-516,1/4/2022,57976-33535-WK,L-M-2.5,3
SUZ-83036-175,8/20/2019,55915-19477-MK,R-D-0.2,5
RGM-01187-513,7/15/2022,28121-11641-UA,E-D-0.2,6
CZG-01299-952,2/12/2019,09540-70637-EV,L-D-1,2
KLD-88731-484,9/8/2021,17775-77072-PP,A-M-1,5
BQK-38412-229,12/13/2019,90392-73338-BC,R-L-0.2,3
TCX-76953-071,8/25/2021,94091-86957-HX,E-D-0.2,5
LIN-88046-551,3/23/2022,10725-45724-CO,R-L-0.5,4
PMV-54491-220,4/11/2019,87242-18006-IR,L-M-0.2,2
SKA-73676-005,10/29/2020,36572-91896-PP,L-M-1,4
TKH-62197-239,7/30/2020,25181-97933-UX,A-D-0.5,3
YXF-57218-272,3/15/2019,55374-03175-IA,R-M-0.2,6
PKJ-30083-501,12/27/2021,76948-43532-JS,E-D-0.5,2
WTT-91832-645,10/3/2019,24344-88599-PP,A-M-1,3
TRZ-94735-865,2/5/2019,54462-58311-YF,L-M-0.5,4
UDB-09651-780,8/31/2020,90767-92589-LV,E-D-0.5,2
EHJ-82097-549,1/13/2021,27517-43747-YD,R-D-0.2,2
ZFR-79447-696,3/22/2021,77828-66867-KH,R-M-0.5,1
NUU-03893-975,1/17/2020,41054-59693-XE,L-L-0.5,2
GVG-59542-307,7/2/2019,26314-66792-VP,E-M-1,2
YLY-35287-172,5/23/2022,69410-04668-MA,A-D-0.5,5
DCI-96254-548,6/14/2022,94091-86957-HX,A-D-0.2,6
KHZ-26264-253,7/20/2021,24972-55878-KX,L-L-0.2,6
AAQ-13644-699,6/3/2022,46296-42617-OQ,R-D-1,4
LWL-68108-794,5/26/2020,44494-89923-UW,A-D-0.5,3
JQT-14347-517,7/26/2019,11621-09964-ID,R-D-1,1
BMM-86471-923,10/22/2020,76319-80715-II,L-D-2.5,1
IXU-67272-326,12/24/2020,91654-79216-IC,E-L-0.5,5
ITE-28312-615,9/6/2019,56450-21890-HK,E-L-1,6
ZHQ-30471-635,4/8/2019,40600-58915-WZ,L-M-0.5,5
LTP-31133-134,1/26/2022,66527-94478-PB,A-L-0.5,3
ZVQ-26122-859,11/28/2019,77154-45038-IH,A-L-2.5,6
MIU-01481-194,7/21/2019,08439-55669-AI,R-M-1,6
MIU-01481-194,7/21/2019,08439-55669-AI,A-L-0.5,2
UEA-72681-629,3/12/2021,24972-55878-KX,A-L-2.5,3
CVE-15042-481,1/1/2022,24972-55878-KX,R-L-1,2
EJA-79176-833,3/22/2020,91509-62250-GN,R-M-2.5,6
AHQ-40440-522,9/18/2020,83833-46106-ZC,A-D-1,1
TID-21626-411,1/3/2019,19383-33606-PW,R-L-0.5,3
RSR-96390-187,9/29/2021,67052-76184-CB,E-M-1,6
BZE-96093-118,10/19/2021,43452-18035-DH,L-M-0.2,2
LOU-41819-242,7/14/2022,88060-50676-MV,R-M-1,2
FND-99527-640,7/19/2021,89574-96203-EP,E-L-0.5,2
ASG-27179-958,12/10/2021,12607-75113-UV,A-M-0.5,3
YKX-23510-272,3/17/2019,56991-05510-PR,A-L-2.5,2
FSA-98650-921,2/28/2020,01841-48191-NL,L-L-0.5,2
ZUR-55774-294,6/3/2020,33269-10023-CO,L-D-1,6
FUO-99821-974,2/22/2020,31245-81098-PJ,E-M-1,3
YVH-19865-819,11/9/2019,08946-56610-IH,L-L-2.5,4
NNF-47422-501,3/7/2020,20260-32948-EB,E-L-0.2,6
RJI-71409-490,4/26/2021,31613-41626-KX,L-M-0.5,5
UZL-46108-213,11/11/2021,75961-20170-RD,L-L-1,2
AOX-44467-109,6/15/2021,72524-06410-KD,A-D-2.5,1
TZD-67261-174,2/27/2020,01841-48191-NL,E-D-2.5,1
TBU-64277-625,4/19/2021,98918-34330-GY,E-M-1,6
TYP-85767-944,7/29/2022,51497-50894-WU,R-M-2.5,2
GTT-73214-334,1/20/2019,98636-90072-YE,A-L-1,6
WAI-89905-069,2/21/2022,47011-57815-HJ,A-L-0.5,3
OJL-96844-459,5/3/2020,61253-98356-VD,L-L-0.2,5
VGI-33205-360,3/21/2019,96762-10814-DA,L-M-0.5,6
PCA-14081-576,6/13/2019,63112-10870-LC,R-L-0.2,5
SCS-67069-962,6/5/2020,21403-49423-PD,A-L-2.5,5
BDM-03174-485,3/16/2019,29581-13303-VB,R-L-0.5,4
UJV-32333-364,12/3/2021,86110-83695-YS,L-L-0.5,1
FLI-11493-954,7/9/2022,80454-42225-FT,A-L-0.5,4
IWL-13117-537,4/29/2020,29129-60664-KO,R-D-0.2,3
OAM-76916-748,1/27/2022,63025-62939-AN,E-D-1,3
UMB-11223-710,2/13/2021,49012-12987-QT,R-D-0.2,6
LXR-09892-726,7/13/2020,50924-94200-SQ,R-D-2.5,2
QXX-89943-393,3/12/2020,15673-18812-IU,R-D-0.2,4
WVS-57822-366,5/4/2020,52151-75971-YY,E-M-2.5,4
CLJ-23403-689,4/3/2021,19413-02045-CG,R-L-1,2
XNU-83276-288,6/1/2022,98185-92775-KT,R-M-0.5,1
YOG-94666-679,2/14/2021,86991-53901-AT,L-D-0.2,2
KHG-33953-115,12/13/2021,78226-97287-JI,L-D-0.5,3
MHD-95615-696,2/7/2020,27930-59250-JT,R-L-2.5,5
HBH-64794-080,2/8/2021,40560-18556-YE,R-D-0.2,3
CNJ-56058-223,8/11/2020,40780-22081-LX,L-L-0.5,3
KHO-27106-786,10/10/2020,01603-43789-TN,A-M-1,6
KHO-27106-786,10/10/2020,01603-43789-TN,L-D-2.5,6
YAC-50329-982,12/8/2020,75419-92838-TI,E-M-2.5,1
VVL-95291-039,4/18/2019,96516-97464-MF,E-L-0.2,2
VUT-20974-364,1/4/2021,90285-56295-PO,R-M-0.5,6
SFC-34054-213,3/10/2019,08100-71102-HQ,L-L-0.5,4
UDS-04807-593,11/29/2019,84074-28110-OV,L-D-0.5,2
FWE-98471-488,7/19/2022,27930-59250-JT,L-L-1,5
RAU-17060-674,6/26/2020,12747-63766-EU,L-L-0.2,1
AOL-13866-711,2/14/2019,83490-88357-LJ,E-M-1,4
NOA-79645-377,11/9/2020,53729-30320-XZ,R-D-0.5,5
KMS-49214-806,4/30/2019,50384-52703-LA,E-L-2.5,4
ABK-08091-531,10/30/2020,53864-36201-FG,L-L-1,3
GPT-67705-953,11/12/2019,70631-33225-MZ,A-M-0.2,5
JNA-21450-177,2/11/2022,54798-14109-HC,A-D-1,3
MPQ-23421-608,3/28/2021,08023-52962-ET,E-M-0.5,5
NLI-63891-565,12/10/2021,41899-00283-VK,E-M-0.2,5
HHF-36647-854,11/5/2021,39011-18412-GR,A-D-2.5,6
SBN-16537-046,2/29/2020,60255-12579-PZ,A-D-0.2,1
XZD-44484-632,8/6/2021,80541-38332-BP,E-M-1,2
XZD-44484-632,8/6/2021,80541-38332-BP,A-D-0.2,2
IKQ-39946-768,3/19/2021,72778-50968-UQ,R-M-1,6
KMB-95211-174,4/16/2021,23941-30203-MO,R-D-2.5,4
QWY-99467-368,11/6/2020,96434-50068-DZ,A-D-2.5,1
SRG-76791-614,3/15/2021,11729-74102-XB,E-L-0.5,1
VSN-94485-621,10/17/2021,88116-12604-TE,A-D-0.2,4
UFZ-24348-219,9/7/2019,27930-59250-JT,L-M-2.5,3
UKS-93055-397,7/13/2022,13082-41034-PD,A-D-2.5,5
AVH-56062-335,11/21/2021,18082-74419-QH,E-M-0.5,5
HGE-19842-613,1/13/2022,49401-45041-ZU,R-L-0.5,4
WBA-85905-175,7/13/2022,41252-45992-VS,L-M-0.2,1
DZI-35365-596,11/2/2021,54798-14109-HC,E-M-0.2,2
XIR-88982-743,7/10/2021,00852-54571-WP,E-M-0.2,2
VUC-72395-865,10/7/2021,13321-57602-GK,A-D-0.5,6
BQJ-44755-910,2/28/2020,75006-89922-VW,E-D-2.5,6
JKC-64636-831,7/5/2022,52098-80103-FD,A-M-2.5,2
ZKI-78561-066,9/21/2021,60121-12432-VU,A-D-0.2,3
IMP-12563-728,1/3/2019,68346-14810-UA,E-L-0.5,6
MZL-81126-390,3/8/2022,48464-99723-HK,A-L-0.2,6
MZL-81126-390,3/8/2022,48464-99723-HK,A-M-0.2,2
TVF-57766-608,3/10/2020,88420-46464-XE,L-D-0.5,1
RUX-37995-892,11/27/2021,37762-09530-MP,L-D-2.5,4
AVK-76526-953,3/4/2021,47268-50127-XY,A-D-1,2
RIU-02231-623,11/16/2021,25544-84179-QC,R-L-0.5,5
WFK-99317-827,6/16/2019,32058-76765-ZL,L-D-2.5,3
SFD-00372-284,7/19/2020,54798-14109-HC,L-M-0.2,2
SXC-62166-515,2/28/2020,69171-65646-UC,R-L-2.5,5
YIE-87008-621,6/22/2019,22503-52799-MI,L-M-0.5,4
HRM-94548-288,9/8/2019,08934-65581-ZI,A-L-2.5,6
UJG-34731-295,5/26/2022,15764-22559-ZT,A-M-2.5,1
TWD-70988-853,12/3/2019,87519-68847-ZG,L-D-1,6
CIX-22904-641,9/17/2019,78012-56878-UB,R-M-1,1
DLV-65840-759,5/31/2022,77192-72145-RG,L-M-1,2
RXN-55491-201,10/21/2019,86071-79238-CX,R-L-0.2,6
UHK-63283-868,4/24/2022,16809-16936-WF,A-M-0.5,1
PJC-31401-893,1/13/2021,11212-69985-ZJ,A-D-0.5,3
HHO-79903-185,8/19/2022,53893-01719-CL,A-L-2.5,1
YWM-07310-594,3/2/2019,66028-99867-WJ,E-M-0.5,5
FHD-94983-982,1/21/2020,62839-56723-CH,R-M-0.5,3
WQK-10857-119,9/21/2021,96849-52854-CR,E-D-0.5,1
DXA-50313-073,8/30/2019,19755-55847-VW,E-L-1,2
ONW-00560-570,2/25/2019,32900-82606-BO,A-M-1,2
BRJ-19414-277,9/17/2019,16809-16936-WF,R-M-0.2,4
MIQ-16322-908,8/3/2019,20118-28138-QD,A-L-1,2
MVO-39328-830,2/26/2021,84057-45461-AH,L-M-0.5,5
MVO-39328-830,2/26/2021,84057-45461-AH,A-L-0.5,6
NTJ-88319-746,8/3/2021,90882-88130-KQ,L-L-0.5,3
LCY-24377-948,5/7/2021,21617-79890-DD,R-L-2.5,1
FWD-85967-769,6/14/2019,20256-54689-LO,E-D-0.2,3
KTO-53793-109,11/21/2019,17572-27091-AA,R-L-0.2,2
OCK-89033-348,3/31/2021,82300-88786-UE,A-L-0.2,6
GPZ-36017-366,7/1/2019,65732-22589-OW,A-D-2.5,5
BZP-33213-637,5/5/2020,77175-09826-SF,A-M-2.5,3
WFH-21507-708,4/20/2020,07237-32539-NB,R-D-0.5,1
HST-96923-073,7/18/2019,54722-76431-EX,R-D-2.5,6
ENN-79947-323,11/18/2021,67847-82662-TE,L-M-0.5,2
BHA-47429-889,6/20/2020,51114-51191-EW,E-L-0.2,3
SZY-63017-318,4/6/2021,91809-58808-TV,A-L-0.2,2
LCU-93317-340,6/17/2019,84996-26826-DK,R-D-0.2,1
UOM-71431-481,3/26/2022,65732-22589-OW,R-D-2.5,1
PJH-42618-877,9/30/2021,93676-95250-XJ,A-D-2.5,5
XED-90333-402,6/19/2019,28300-14355-GF,E-M-0.2,5
IKK-62234-199,3/31/2022,91190-84826-IQ,L-L-0.5,6
KAW-95195-329,7/4/2020,34570-99384-AF,R-D-2.5,4
QDO-57268-842,11/21/2021,57808-90533-UE,E-M-2.5,5
IIZ-24416-212,5/31/2021,76060-30540-LB,R-D-0.5,6
AWP-11469-510,4/11/2020,76730-63769-ND,E-D-1,2
KXA-27983-918,9/15/2020,96042-27290-EQ,R-L-0.5,5
VKQ-39009-292,11/23/2021,57808-90533-UE,L-M-1,5
PDB-98743-282,1/23/2022,51940-02669-OR,L-L-1,3
SXW-34014-556,1/27/2021,99144-98314-GN,R-L-0.2,1
QOJ-38788-727,6/24/2019,16358-63919-CE,E-M-2.5,5
TGF-38649-658,3/15/2020,67743-54817-UT,L-M-0.5,2
EAI-25194-209,9/24/2021,44601-51441-BH,A-L-2.5,5
IJK-34441-720,4/5/2019,97201-58870-WB,A-M-0.5,6
ZMC-00336-619,1/27/2022,19849-12926-QF,A-M-0.5,4
UPX-54529-618,9/10/2021,40535-56770-UM,L-D-1,3
DLX-01059-899,1/6/2020,74940-09646-MU,R-L-1,5
MEK-85120-243,3/15/2022,06623-54610-HC,R-L-0.2,3
NFI-37188-246,9/8/2021,89490-75361-AF,A-D-2.5,4
BXH-62195-013,11/11/2021,94526-79230-GZ,A-M-1,4
YLK-78851-470,9/18/2019,58559-08254-UY,R-M-2.5,6
DXY-76225-633,7/29/2021,88574-37083-WX,A-M-0.5,1
UHP-24614-199,3/20/2022,67953-79896-AC,A-M-1,4
HBY-35655-049,5/4/2020,69207-93422-CQ,E-D-2.5,3
DCE-22886-861,4/5/2021,56060-17602-RG,E-D-0.2,1
QTG-93823-843,1/12/2022,46859-14212-FI,A-M-0.5,1
QTG-93823-843,1/12/2022,46859-14212-FI,E-D-0.5,3
WFT-16178-396,12/16/2020,33555-01585-RP,R-D-0.2,5
ERC-54560-934,5/30/2022,11932-85629-CU,R-D-2.5,6
RUK-78200-416,11/9/2021,36192-07175-XC,L-D-0.2,2
KHK-13105-388,4/8/2022,46242-54946-ZW,A-M-1,6
NJR-03699-189,10/8/2019,95152-82155-VQ,E-D-2.5,1
PJV-20427-019,9/12/2021,13404-39127-WQ,A-L-2.5,3
UGK-07613-982,7/28/2022,57808-90533-UE,A-M-0.5,3
OLA-68289-577,6/30/2020,40226-52317-IO,A-M-0.5,5
TNR-84447-052,1/9/2019,34419-18068-AG,E-D-2.5,4
FBZ-64200-586,7/12/2022,51738-61457-RS,E-M-2.5,2
OBN-66334-505,11/30/2020,86757-52367-ON,E-L-0.2,2
NXM-89323-646,3/22/2019,28158-93383-CK,E-D-1,1
NHI-23264-055,2/15/2022,44799-09711-XW,A-D-0.5,4
EQH-53569-934,10/13/2020,53667-91553-LT,E-M-1,4
XKK-06692-189,12/27/2021,86579-92122-OC,R-D-1,3
BYP-16005-016,8/1/2021,01474-63436-TP,R-M-2.5,5
LWS-13938-905,11/18/2020,90533-82440-EE,A-M-2.5,6
OLH-95722-362,10/24/2021,48553-69225-VX,L-D-0.5,3
OLH-95722-362,10/24/2021,48553-69225-VX,R-M-2.5,4
KCW-50949-318,12/30/2019,52374-27313-IV,E-L-1,5
JGZ-16947-591,2/2/2021,14264-41252-SL,L-L-0.2,6
LXS-63326-144,5/16/2021,35367-50483-AR,R-L-0.5,2
CZG-86544-655,4/23/2022,69443-77665-QW,A-L-0.5,2
WFV-88138-247,9/25/2021,63411-51758-QC,R-L-1,3
RFG-28227-288,6/7/2022,68605-21835-UF,A-L-0.5,6
QAK-77286-758,8/11/2020,34786-30419-XY,R-L-0.5,5
CZD-56716-840,2/28/2019,15456-29250-RU,L-D-2.5,4
UBI-59229-277,9/11/2019,00886-35803-FG,L-D-0.5,3
WJJ-37489-898,4/8/2021,31599-82152-AD,A-M-1,1
ORX-57454-917,9/6/2021,76209-39601-ZR,E-D-2.5,3
GRB-68838-629,9/10/2021,15064-65241-HB,R-L-2.5,4
SHT-04865-419,5/22/2022,69215-90789-DL,R-L-0.2,4
UQI-28177-865,9/18/2020,04317-46176-TB,R-L-0.2,6
OIB-13664-879,8/31/2021,04713-57765-KR,A-M-1,2
PJS-30996-485,1/21/2022,86579-92122-OC,A-L-0.2,1
HEL-86709-449,6/10/2022,86579-92122-OC,E-D-2.5,1
NCH-55389-562,4/27/2019,86579-92122-OC,E-L-2.5,5
NCH-55389-562,4/27/2019,86579-92122-OC,R-L-2.5,2
NCH-55389-562,4/27/2019,86579-92122-OC,E-L-1,1
NCH-55389-562,4/27/2019,86579-92122-OC,A-L-0.2,2
GUG-45603-775,2/6/2022,40959-32642-DN,L-L-0.2,5
KJB-98240-098,1/30/2022,77746-08153-PM,L-L-1,5
JMS-48374-462,11/23/2020,49667-96708-JL,A-D-2.5,2
YIT-15877-117,4/13/2022,24155-79322-EQ,R-D-1,1
YVK-82679-655,1/7/2021,95342-88311-SF,R-M-0.5,4
TYH-81940-054,2/4/2020,69374-08133-RI,E-L-0.2,5
HTY-30660-254,9/16/2019,83844-95908-RX,R-M-1,3
GPW-43956-761,1/26/2019,09667-09231-YM,E-L-0.5,6
DWY-56352-412,2/19/2021,55427-08059-DF,R-D-0.2,1
PUH-55647-976,3/22/2022,06624-54037-BQ,R-M-0.2,2
DTB-71371-705,7/3/2019,48544-90737-AZ,L-D-1,1
ZDC-64769-740,9/21/2019,79463-01597-FQ,E-M-0.5,1
TED-81959-419,8/26/2019,27702-50024-XC,A-L-2.5,5
FDO-25756-141,8/3/2021,57360-46846-NS,A-L-2.5,3
HKN-31467-517,10/24/2021,84045-66771-SL,L-M-1,6
POF-29666-012,4/1/2019,46885-00260-TL,R-D-0.5,1
IRX-59256-644,12/8/2021,96446-62142-EN,A-D-0.2,3
LTN-89139-350,6/27/2019,07756-71018-GU,R-L-2.5,5
TXF-79780-017,7/14/2020,92048-47813-QB,R-L-1,5
ALM-80762-974,3/23/2020,84045-66771-SL,A-L-0.5,3
NXF-15738-707,1/26/2020,28699-16256-XV,R-D-0.5,2
MVV-19034-198,5/31/2020,98476-63654-CG,E-D-2.5,6
KUX-19632-830,7/20/2021,55409-07759-YG,E-D-0.2,6
SNZ-44595-152,8/12/2022,06136-65250-PG,R-L-1,2
GQA-37241-629,1/1/2020,08405-33165-BS,A-M-0.2,2
WVV-79948-067,1/18/2021,66070-30559-WI,E-M-2.5,1
LHX-81117-166,12/31/2021,01282-28364-RZ,R-L-1,4
GCD-75444-320,5/4/2020,51277-93873-RP,L-M-2.5,1
SGA-30059-217,2/20/2021,84405-83364-DG,A-D-0.5,5
GNL-98714-885,3/7/2020,83731-53280-YC,R-M-1,3
OQA-93249-841,4/5/2019,03917-13632-KC,A-M-2.5,6
DUV-12075-132,6/6/2022,62494-09113-RP,E-D-0.2,5
DUV-12075-132,6/6/2022,62494-09113-RP,L-D-0.5,2
KPO-24942-184,3/21/2021,70567-65133-CN,L-L-2.5,3
SRJ-79353-838,12/19/2021,77869-81373-AY,A-L-1,6
XBV-40336-071,2/17/2021,38536-98293-JZ,A-D-0.2,3
RLM-96511-467,1/6/2020,43014-53743-XK,R-L-2.5,1
AEZ-13242-456,5/4/2022,62494-09113-RP,R-M-0.5,5
UME-75640-698,10/11/2019,62494-09113-RP,A-M-0.5,4
GJC-66474-557,8/3/2021,64965-78386-MY,A-D-1,1
IRV-20769-219,10/15/2020,77131-58092-GE,E-M-0.2,3
